UAN,Member ID,Name,Gender,DoB,DoJ,Father's/Husband's Name,Relation,Marital Status,Mobile,Email ID,AADHAAR,PAN,"Bank Account No, IFSC Code ",Nomination Filed
101678752882,CBCBE00563960000011426,Mr. RAVI K,MALE,17-AUG-1983,09-APR-2021,KUPPURAJ,FATHER,MARRIED,6369487765,NOT AVAILABLE,XXXX XXXX 6749,NOT AVAILABLE,"393510100XXXX,IFSC:CNRB0003935",NO
101678752876,CBCBE00563960000011425,Mr. MUTHUSAMY,MALE,15-APR-1970,08-APR-2021,PERIYASAMY,FATHER,MARRIED,9715366582,NOT AVAILABLE,XXXX XXXX 4183,XXZPM482XX,"28610008020XXXX,IFSC:TMBL0000286",NO
101678752869,CBCBE00563960000011424,Mr. KHAGAPATI BARALENDIA,MALE,21-SEP-1999,06-APR-2021,BINOD BIHARI BARALENDIA,FATHER,UN-MARRIED,7609845417,NOT AVAILABLE,XXXX XXXX 7984,NOT AVAILABLE,"0378043064519XXXX,IFSC:CSBK0000378",NO
101670362327,CBCBE00563960000011419,Mrs. SUMIDHRA SIVADASS,FEMALE,05-SEP-1988,17-MAR-2021,SIVADASS,HUSBAND,MARRIED,7598351497,NOT AVAILABLE,XXXX XXXX 8849,NOT AVAILABLE,"67360201000XXXX,IFSC:UBIN0567361",NO
101661826219,CBCBE00563960000011423,Mr. PRATAP BHARGAV,MALE,06-MAR-2002,16-MAR-2021,BISAU BHARGAV,FATHER,MARRIED,7067169127,NOT AVAILABLE,XXXX XXXX 0949,NOT AVAILABLE,"03780430078119XXXX,IFSC:CSBK0000378",NO
101651753222,CBCBE00563960000011422,Mr. CHANDRA KUMAR SATNAMI,MALE,01-JAN-2003,16-MAR-2021,MAHADEV SATNAMI,FATHER,UN-MARRIED,7340318592,NOT AVAILABLE,XXXX XXXX 6328,NOT AVAILABLE,"03780733301519XXXX,IFSC:CSBK0000378",NO
101563039087,CBCBE00563960000011417,Mr. SHAILENDRA  KUMAR LAHARE,MALE,01-JAN-1993,16-MAR-2021,PYARELAL,FATHER,UN-MARRIED,9360017106,NOT AVAILABLE,XXXX XXXX 5049,NOT AVAILABLE,"124310803XXXX,IFSC:CNRB0001243",NO
101670303161,CBCBE00563960000011418,Mr. RAMKESH,MALE,01-JUL-2000,10-MAR-2021,SHIVDHANI,FATHER,UN-MARRIED,NOT AVAILABLE,NOT AVAILABLE,XXXX XXXX 8677,NOT AVAILABLE,"4007715XXXX,IFSC:SBIN0008155",NO
100786372656,CBCBE00563960000011421,Mr. JOSEPH C,MALE,25-JUL-1998,10-MAR-2021,CHARLASS,FATHER,UN-MARRIED,9442178380,NOT AVAILABLE,XXXX XXXX 6841,NOT AVAILABLE,"2039549XXXX,IFSC:SBIN0002277",NO
101670421437,CBCBE00563960000011420,Mrs. E RAMYA,FEMALE,04-MAY-1994,10-MAR-2021,ESWARAN,FATHER,MARRIED,9842661377,NOT AVAILABLE,XXXX XXXX 0144,XXEPR175XX,"3232445XXXX,IFSC:SBIN0001384",NO
101281346565,CBCBE00563960000011416,Mr. BAJRANG SHARMA,MALE,05-MAY-1987,10-MAR-2021,SHARMA,FATHER,UN-MARRIED,6385684323,NOT AVAILABLE,XXXX XXXX 7546,NOT AVAILABLE,"129519200001XXXX,IFSC:KVBL0001295",NO
101464929145,CBCBE00563960000011414,Ms. LIZARANI GAGRAI,FEMALE,22-FEB-1999,06-MAR-2021,RAIDAS GAGRAI,FATHER,UN-MARRIED,8012533633,NOT AVAILABLE,XXXX XXXX 0697,NOT AVAILABLE,"4006276XXXX,IFSC:SBIN0008155",NO
101666948015,CBCBE00563960000011413,Mr. SURAJ KUMAR,MALE,15-FEB-2000,02-MAR-2021,RAMJIYAVAN,FATHER,UN-MARRIED,6369430509,NOT AVAILABLE,XXXX XXXX 9859,NOT AVAILABLE,"4005229XXXX,IFSC:SBIN0008155",NO
101498572049,CBCBE00563960000011411,Mrs. AMALASARASWATHI K,FEMALE,22-OCT-1987,02-MAR-2021,KARTHICKRAJA,HUSBAND,MARRIED,6382063377,NOT AVAILABLE,XXXX XXXX 2670,NOT AVAILABLE,"103110112XXXX,IFSC:CNRB0001031",NO
101365700414,CBCBE00563960000011415,Mr. SURAJ,MALE,01-JAN-1996,01-MAR-2021,GHASI,FATHER,UN-MARRIED,6393786959,NOT AVAILABLE,XXXX XXXX 4400,NOT AVAILABLE,"4005637XXXX,IFSC:SBIN0008155",NO
101468352050,CBCBE00563960000011412,Mr. RAMBABU,MALE,01-JAN-2001,01-MAR-2021,MANKU,FATHER,UN-MARRIED,NOT AVAILABLE,NOT AVAILABLE,XXXX XXXX 6148,NOT AVAILABLE,"4004985XXXX,IFSC:SBIN0008155",NO
101205323207,CBCBE00563960000011406,Mr. BIKASH PANDEY,MALE,19-JAN-1996,18-FEB-2021,KIRTTAN PANDEY,FATHER,UN-MARRIED,6385684323,bikashpande512@gmail.com,XXXX XXXX 5470,XXOPP433XX,"77840201000XXXX,IFSC:UBIN0577847",NO
101662555069,CBCBE00563960000011408,Mr. BALARAM TANDI,MALE,10-APR-1988,17-FEB-2021,DEBANANDA TANDI,FATHER,UN-MARRIED,9790139164,NOT AVAILABLE,XXXX XXXX 6309,NOT AVAILABLE,"3266610XXXX,IFSC:SBIN0003840",NO
101278886079,CBCBE00563960000011407,Mrs. KALAMANI PALANISAMY,FEMALE,10-JUL-1975,17-FEB-2021,PALANISAMY,HUSBAND,MARRIED,9843780935,NOT AVAILABLE,XXXX XXXX 6880,NOT AVAILABLE,"03780703317219XXXX,IFSC:CSBK0000378",NO
101662555076,CBCBE00563960000011410,Mr. BIKASH BARGEI,MALE,01-JAN-1999,17-FEB-2021,CHINTAMANI BARGEI,FATHER,UN-MARRIED,7326990076,NOT AVAILABLE,XXXX XXXX 1901,NOT AVAILABLE,"3821644XXXX,IFSC:SBIN0017966",NO
101662555053,CBCBE00563960000011405,Mr. DIPAK BHUE,MALE,01-JAN-2001,17-FEB-2021,CHAMURU BHUE,FATHER,UN-MARRIED,9080059517,NOT AVAILABLE,XXXX XXXX 8914,NOT AVAILABLE,"3409233XXXX,IFSC:SBIN0001085",NO
101328512301,CBCBE00563960000011401,Mr. PRADIP HARIJAN,MALE,05-JAN-2000,17-FEB-2021,DHANASAY HARIJAN,FATHER,UN-MARRIED,7077253066,NOT AVAILABLE,XXXX XXXX 0880,NOT AVAILABLE,"5506010000XXXX,IFSC:BARB0ANNURX",NO
101294461740,CBCBE00563960000011409,Mr. LALITA HARIJAN,FEMALE,09-NOV-1995,17-FEB-2021,BIDESHI HARIJAN,FATHER,UN-MARRIED,7825906529,NOT AVAILABLE,XXXX XXXX 0988,NOT AVAILABLE,"3955097XXXX,IFSC:SBIN0012477",NO
101661009312,CBCBE00563960000011403,Mr. MURUGASAN,MALE,17-APR-1985,14-FEB-2021,CHINNAPPA,FATHER,MARRIED,9976905993,NOT AVAILABLE,XXXX XXXX 5182,NOT AVAILABLE,"00330152XXXX,IFSC:ICIC0002140",NO
101661009308,CBCBE00563960000011402,Mrs. T PRIYA,FEMALE,04-JAN-1987,14-FEB-2021,THIRUMOORTHY,HUSBAND,MARRIED,9566761605,NOT AVAILABLE,XXXX XXXX 4488,NOT AVAILABLE,"438310100XXXX,IFSC:CNRB0004383",NO
101661009320,CBCBE00563960000011404,Mrs. RUKUMANI A,FEMALE,07-MAY-1989,14-FEB-2021,ARUMUGAM,HUSBAND,MARRIED,9786103733,NOT AVAILABLE,XXXX XXXX 3511,NOT AVAILABLE,"103110112XXXX,IFSC:CNRB0001031",NO
101394408714,CBCBE00563960000011400,Mr. SUDAM BAG,MALE,01-JAN-2001,07-FEB-2021,NIRANJAN BAG,FATHER,UN-MARRIED,6382063133,NOT AVAILABLE,XXXX XXXX 1689,NOT AVAILABLE,"3542302XXXX,IFSC:SBIN0006348",NO
101659398681,CBCBE00563960000011399,Mr. DHONI RAM MURMU,MALE,19-JUN-1995,07-FEB-2021,MOTA MURMU,FATHER,UN-MARRIED,8116831136,NOT AVAILABLE,XXXX XXXX 0334,XXHPM702XX,"2032031XXXX,IFSC:SBIN0017053",NO
101216369017,CBCBE00563960000011398,Mr. DEBARAJ BHUE,MALE,01-JAN-1997,07-FEB-2021,RENGALI,FATHER,UN-MARRIED,9597341203,NOT AVAILABLE,XXXX XXXX 1364,NOT AVAILABLE,"5506810000XXXX,IFSC:BARB0ANNURX",NO
101659398668,CBCBE00563960000011397,Mr. RADHE SHYAM HEMRAM,MALE,12-APR-2002,07-FEB-2021,BAIJU HEMRAM,FATHER,UN-MARRIED,9344670658,NOT AVAILABLE,XXXX XXXX 3214,NOT AVAILABLE,"3987787XXXX,IFSC:SBIN0003013",NO
101659398623,CBCBE00563960000011395,Mr. PINTU BARGEI,MALE,14-MAR-2002,07-FEB-2021,BALESWAR BARGEI,FATHER,UN-MARRIED,8248426303,NOT AVAILABLE,XXXX XXXX 5741,NOT AVAILABLE,"697569XXXX,IFSC:IDIB000B141",NO
101659398597,CBCBE00563960000011392,Mr. RAMESH BARGEI,MALE,05-APR-1993,07-FEB-2021,ANTARAM BARGET,FATHER,MARRIED,7358970810,NOT AVAILABLE,XXXX XXXX 0207,NOT AVAILABLE,"697565XXXX,IFSC:IDIB000B141",NO
101313687044,CBCBE00563960000011393,Ms. SURYA MURUGESAN,FEMALE,25-MAY-1994,06-FEB-2021,MURUGESAN,FATHER,UN-MARRIED,8270167538,NOT AVAILABLE,XXXX XXXX 4597,XXTPS989XX,"27741010004XXXX,IFSC:ANDB0002774",NO
101355258198,CBCBE00563960000011396,Mr. SATRUGHANA DAS,MALE,25-APR-1984,06-FEB-2021,SANKARSAN DAS,FATHER,MARRIED,9789660902,NOT AVAILABLE,XXXX XXXX 8169,NOT AVAILABLE,"642570XXXX,IFSC:IDIB000B141",NO
101659398606,CBCBE00563960000011394,Mr. RIYASUDEEN S,MALE,14-NOV-1981,06-FEB-2021,SHEIK IBRAHIM,FATHER,MARRIED,9003487060,NOT AVAILABLE,XXXX XXXX 2620,XXLPR361XX,"3995646XXXX,IFSC:SBIN0008155",NO
101649477320,CBCBE00563960000011386,Mr. ANANTA SETHI,MALE,04-JUN-1997,10-JAN-2021,GUPTE SETHI,FATHER,MARRIED,6374981978,NOT AVAILABLE,XXXX XXXX 6277,NOT AVAILABLE,"3661964XXXX,IFSC:SBIN0017966",NO
101649477349,CBCBE00563960000011388,Mr. SATYANARAYAN MAHAKUR,MALE,12-MAY-1996,10-JAN-2021,SAHEB MAHAKUR,FATHER,MARRIED,7848942523,NOT AVAILABLE,XXXX XXXX 0243,NOT AVAILABLE,"3474767XXXX,IFSC:SBIN0017966",NO
101649477354,CBCBE00563960000011389,Mrs. PRABAVATHI SENTHILKUMAR,FEMALE,13-FEB-1988,10-JAN-2021,SENTHILKUMAR,HUSBAND,MARRIED,9585414412,NOT AVAILABLE,XXXX XXXX 3222,NOT AVAILABLE,"619615XXXX,IFSC:IDIB000M033",NO
101649477312,CBCBE00563960000011385,Mrs. K LAKSHMI SELVAKUMAR,FEMALE,30-JUN-1976,04-JAN-2021,SELVAKUMAR,HUSBAND,MARRIED,9626976264,NOT AVAILABLE,XXXX XXXX 4602,NOT AVAILABLE,"3865933XXXX,IFSC:SBIN0008155",NO
101649477331,CBCBE00563960000011387,Mrs. RANI,FEMALE,10-APR-1994,04-JAN-2021,MUTHUKRISHNAN,HUSBAND,MARRIED,9982894495,NOT AVAILABLE,XXXX XXXX 2670,NOT AVAILABLE,"67360201000XXXX,IFSC:UBIN0567361",NO
101358044308,CBCBE00563960000011384,Mr. NAGARAJ K,MALE,05-MAY-1965,04-JAN-2021,KULLAIYA GOWDER,FATHER,MARRIED,9629334557,NOT AVAILABLE,XXXX XXXX 6773,NOT AVAILABLE,"2046600XXXX,IFSC:SBIN0008155",NO
101649477365,CBCBE00563960000011390,Mrs. KALPANA MURUGAN,FEMALE,19-MAY-1995,04-JAN-2021,MURUGAN,FATHER,MARRIED,8220593558,NOT AVAILABLE,XXXX XXXX 1299,NOT AVAILABLE,"3256191XXXX,IFSC:SBIN0014254",NO
101649477308,CBCBE00563960000011382,Mr. DURJYODHAN TARIA,MALE,05-FEB-2000,04-JAN-2021,SAHADEB TARIA,FATHER,UN-MARRIED,6380021148,NOT AVAILABLE,XXXX XXXX 5121,NOT AVAILABLE,"3991741XXXX,IFSC:SBIN0008155",NO
101640112059,CBCBE00563960000011379,Mrs. RAJINA BEGAM,FEMALE,02-MAY-1993,12-DEC-2020,APPAS,HUSBAND,MARRIED,9655491997,NOT AVAILABLE,XXXX XXXX 0803,NOT AVAILABLE,"3987669XXXX,IFSC:SBIN0008155",NO
101022686488,CBCBE00563960000011378,Mr. MANOJ KUMAR BEHERA,MALE,07-MAR-1998,12-DEC-2020,LOCAHN BEHERA,FATHER,UN-MARRIED,6382171448,NOT AVAILABLE,XXXX XXXX 4978,NOT AVAILABLE,"175316600000XXXX,IFSC:KVBL0001753",NO
101466754253,CBCBE00563960000011377,Mr. JITENDRA PADHAN,MALE,07-MAY-1996,12-DEC-2020,MAHENDRA PADHAN,FATHER,UN-MARRIED,6380761978,NOT AVAILABLE,XXXX XXXX 1299,NOT AVAILABLE,"52044103513XXXX,IFSC:CORP0002932",NO
101520455775,CBCBE00563960000011375,Mr. SIVABALAN P,MALE,21-JAN-1982,12-DEC-2020,PONNUMOKKAI,FATHER,MARRIED,9524519779,NOT AVAILABLE,XXXX XXXX 5535,XXYPS595XX,"01460100002XXXX,IFSC:IOBA0000146",NO
101324384361,CBCBE00563960000011380,Ms. ANUSHYA MURUGAN,FEMALE,27-SEP-1996,12-DEC-2020,MURUGAN,FATHER,UN-MARRIED,8489817082,NOT AVAILABLE,XXXX XXXX 6615,NOT AVAILABLE,"3987956XXXX,IFSC:SBIN0008155",NO
101464330392,CBCBE00563960000011373,Mrs. MALATHI SASIKUMAR,FEMALE,04-JUN-1983,05-DEC-2020,SASIKUMAR,HUSBAND,MARRIED,9626767443,NOT AVAILABLE,XXXX XXXX 4477,XXKPM861XX,"625374XXXX,IFSC:IDIB000B141",NO
101636405669,CBCBE00563960000011372,Mrs. CHITHRA KURUNDASAN,FEMALE,24-JUL-1998,01-DEC-2020,KURUNDASAN,FATHER,MARRIED,9585386539,NOT AVAILABLE,XXXX XXXX 1266,NOT AVAILABLE,"11500100006XXXX,IFSC:IOBA0001150",NO
101395349149,CBCBE00563960000011371,Mr. SANJAY KUMAR SETHI,MALE,05-DEC-1996,01-DEC-2020,AKRURA SETHI,FATHER,MARRIED,8610643515,hr@sreedhara.co.in,XXXX XXXX 9096,XXPPS125XX,"501900494XXXX,IFSC:ESMF0001215",NO
101223242651,CBCBE00563960000011369,Mrs. SHANTHAKUMARI GOVINDARAJ,FEMALE,24-FEB-1993,18-NOV-2020,GOVINDARAJ,HUSBAND,MARRIED,8220735520,NOT AVAILABLE,XXXX XXXX 6143,NOT AVAILABLE,"52044103432XXXX,IFSC:CORP0000016",NO
101488222149,CBCBE00563960000011368,Mr. SHARMILA R,FEMALE,18-NOV-1986,18-NOV-2020,RAFIQ,HUSBAND,MARRIED,8248617556,NOT AVAILABLE,XXXX XXXX 8124,XXEPS652XX,"67360201000XXXX,IFSC:UBIN0567361",NO
101252888072,CBCBE00563960000011367,Mr. SUSANTA KUMAR ROUT,MALE,10-OCT-1973,18-NOV-2020,BANAMALI ROUT,FATHER,UN-MARRIED,8457944264,NOT AVAILABLE,XXXX XXXX 7689,NOT AVAILABLE,"2046600XXXX,IFSC:SBIN0008155",NO
101630839887,CBCBE00563960000011366,Ms. MARAGATHAM YUVARAJ,FEMALE,18-DEC-1989,13-NOV-2020,YUVARAJ,HUSBAND,MARRIED,9842296960,NOT AVAILABLE,XXXX XXXX 7214,XXTPM964XX,"030405300001XXXX,IFSC:SIBL0000304",NO
101630839873,CBCBE00563960000011365,Ms. MAHALAKSHMI SIVALINGAM,FEMALE,15-AUG-1984,13-NOV-2020,SIVALINGAM,HUSBAND,MARRIED,9659009410,NOT AVAILABLE,XXXX XXXX 3422,NOT AVAILABLE,"103110112XXXX,IFSC:CNRB0001031",NO
100306156448,CBCBE00563960000011362,Mr. RAMKUMAR ARUMUGAM,MALE,23-JAN-1990,18-OCT-2020,RAMKUMARA,FATHER,MARRIED,9600959515,NOT AVAILABLE,XXXX XXXX 7346,NOT AVAILABLE,"616882XXXX,IFSC:IDIB000B141",NO
101622632954,CBCBE00563960000011360,Mr. SASIKUMAR A,MALE,26-APR-1987,18-OCT-2020,ARUMUGAM,FATHER,MARRIED,9003824038,NOT AVAILABLE,XXXX XXXX 6776,NOT AVAILABLE,"112216600006XXXX,IFSC:KVBL0001122",NO
100324551694,CBCBE00563960000011363,Mr. RAJENDRAN SAMMANNA GOWDER,MALE,20-FEB-1964,14-OCT-2020,SAMANNA GOWDER,FATHER,MARRIED,9659488698,rajendran20021964@gmail.com,XXXX XXXX 0482,XXXPR030XX,"2024173XXXX,IFSC:SBIN0013437",NO
101296818043,CBCBE00563960000011361,Mrs. PAVITHIRA,FEMALE,15-MAY-2000,14-OCT-2020,NATARAJ,HUSBAND,MARRIED,7826036938,NOT AVAILABLE,XXXX XXXX 1414,NOT AVAILABLE,"3975108XXXX,IFSC:SBIN0008155",NO
101312985209,CBCBE00563960000011364,Mrs. ANJALI S,FEMALE,06-AUG-1980,14-OCT-2020,SHANMUGAVEL N,HUSBAND,MARRIED,9942863221,NOT AVAILABLE,XXXX XXXX 5427,NOT AVAILABLE,"26710008020XXXX,IFSC:TMBL0000267",NO
101262141282,CBCBE00563960000011358,Mrs. SUGANYA SUBRAMANIAM,FEMALE,12-MAY-1991,16-SEP-2020,SUBRAMANIYAM,FATHER,MARRIED,6374706399,NOT AVAILABLE,XXXX XXXX 1430,NOT AVAILABLE,"3975381XXXX,IFSC:SBIN0008155",NO
101174572841,CBCBE00563960000011351,Mr. MANJULA,FEMALE,09-JUL-2000,10-JUL-2020,VELUSAMY,FATHER,UN-MARRIED,9994223217,NOT AVAILABLE,XXXX XXXX 3857,NOT AVAILABLE,"112115500022XXXX,IFSC:KVBL0001121",NO
101238839968,CBCBE00563960000011352,Mrs. SUBASHINI BHARATHIRAJA,FEMALE,04-JUN-1988,10-JUL-2020,BHARATHIRAJA,HUSBAND,MARRIED,9047430988,NOT AVAILABLE,XXXX XXXX 4115,XXMPS678XX,"2037977XXXX,IFSC:SBIN0008155",NO
101432395608,CBCBE00563960000011338,Mrs. TAJUNISHA,FEMALE,07-NOV-1984,22-JUN-2020,RIYASSUTHIN,HUSBAND,MARRIED,9003487060,NOT AVAILABLE,XXXX XXXX 5363,XXMPT305XX,"91801010662XXXX,IFSC:UTIB0003626",NO
101221163581,CBCBE00563960000011342,Ms. LAVANYA RAJANDRAN,FEMALE,16-NOV-1999,13-JUN-2020,RAJANDRAN,FATHER,UN-MARRIED,9578149901,NOT AVAILABLE,XXXX XXXX 5255,NOT AVAILABLE,"45910008020XXXX,IFSC:TMBL0000459",NO
100134884539,CBCBE00563960000011343,Ms. DHANABAKIYAM SUBBURAJ,FEMALE,22-DEC-1977,02-JUN-2020,SUBBURAJ,FATHER,MARRIED,8973254233,NOT AVAILABLE,XXXX XXXX 0386,NOT AVAILABLE,"52010126445XXXX,IFSC:CORP0003043",NO
101586226406,CBCBE00563960000011340,Mrs. DEIVANAI,FEMALE,01-JAN-1966,01-JUN-2020,RAMASAMY,HUSBAND,MARRIED,NOT AVAILABLE,NOT AVAILABLE,XXXX XXXX 4510,NOT AVAILABLE,"3955083XXXX,IFSC:SBIN0008155",NO
101586226434,CBCBE00563960000011345,Mrs. CHITRA M,FEMALE,09-JAN-1978,01-JUN-2020,MAHALINGAM,HUSBAND,MARRIED,NOT AVAILABLE,NOT AVAILABLE,XXXX XXXX 8301,NOT AVAILABLE,"2046600XXXX,IFSC:SBIN0008155",NO
101586226423,CBCBE00563960000011344,Mrs. RAJESHWARI S,FEMALE,09-MAR-1980,01-JUN-2020,SENTHILKUMAR,HUSBAND,MARRIED,NOT AVAILABLE,NOT AVAILABLE,XXXX XXXX 8402,NOT AVAILABLE,"2046600XXXX,IFSC:SBIN0008155",NO
101581425327,CBCBE00563960000011332,Mrs. PALANIYAMMAL C,FEMALE,07-JUL-1976,19-MAY-2020,CHINNASAMY,HUSBAND,MARRIED,NOT AVAILABLE,NOT AVAILABLE,XXXX XXXX 5870,NOT AVAILABLE,"2046600XXXX,IFSC:SBIN0008155",NO
101581425315,CBCBE00563960000011329,Mrs. SENBAGAPRIYA V,FEMALE,01-JUL-1990,14-MAY-2020,VENKADESH,FATHER,MARRIED,NOT AVAILABLE,NOT AVAILABLE,XXXX XXXX 4061,NOT AVAILABLE,"2046600XXXX,IFSC:SBIN0008155",NO
101118934062,CBCBE00563960000011330,Mr. SUKRO HO,MALE,01-JUL-1994,12-MAY-2020,CHANDRA HO,FATHER,UN-MARRIED,NOT AVAILABLE,NOT AVAILABLE,XXXX XXXX 7281,NOT AVAILABLE,"3956003XXXX,IFSC:SBIN0008155",NO
101581425336,CBCBE00563960000011336,Mrs. S KANAGARANI,FEMALE,23-MAY-1977,12-MAY-2020,SHANMUGASUNDARAM,HUSBAND,MARRIED,NOT AVAILABLE,NOT AVAILABLE,XXXX XXXX 8484,NOT AVAILABLE,"103110113XXXX,IFSC:CNRB0001031",NO
101238839952,CBCBE00563960000011335,Mr. ANANDHARAJ T,MALE,20-JUL-1992,12-MAY-2020,M THANGAIYAN,FATHER,MARRIED,9047430988,NOT AVAILABLE,XXXX XXXX 1863,NOT AVAILABLE,"03780703512619XXXX,IFSC:CSBK0000378",NO
101475208250,CBCBE00563960000011319,Ms. RAMYA SELVARAJ,FEMALE,12-JUN-2000,12-MAR-2020,SELVARAJ,FATHER,UN-MARRIED,6380352727,NOT AVAILABLE,XXXX XXXX 2145,NOT AVAILABLE,"2046600XXXX,IFSC:SBIN0008155",NO
101419778031,CBCBE00563960000011317,Mrs. ASWINI MALLIRAJ,FEMALE,22-OCT-1994,12-MAR-2020,MALLIRAJ,HUSBAND,MARRIED,9003686923,NOT AVAILABLE,XXXX XXXX 6713,NOT AVAILABLE,"13500100001XXXX,IFSC:IOBA0001350",NO
101174577104,CBCBE00563960000011323,Mr. RAMYA,FEMALE,27-FEB-1987,12-MAR-2020,ANANDAN,HUSBAND,MARRIED,9865568667,NOT AVAILABLE,XXXX XXXX 3879,NOT AVAILABLE,"52029101644XXXX,IFSC:CORP0003043",NO
100595074185,CBCBE00563960000011324,Mr. BOOPALAN SELVAN,MALE,11-JAN-1988,12-MAR-2020,SELVAN.P,FATHER,MARRIED,9626349128,NOT AVAILABLE,XXXX XXXX 0582,NOT AVAILABLE,"67360201000XXXX,IFSC:UBIN0567361",NO
101214999267,CBCBE00563960000011314,Mrs. SANTHI V,FEMALE,10-OCT-1974,27-FEB-2020,VELLINGIRI,HUSBAND,MARRIED,NOT AVAILABLE,NOT AVAILABLE,XXXX XXXX 4643,NOT AVAILABLE,"5735010000XXXX,IFSC:BARB0METTUP",NO
101566783827,CBCBE00563960000011309,Mr. TAPAN NAIK,MALE,12-JUL-1993,20-FEB-2020,CHANDRAMOHAN NAIK,FATHER,UN-MARRIED,NOT AVAILABLE,NOT AVAILABLE,XXXX XXXX 3651,NOT AVAILABLE,"686436XXXX,IFSC:IDIB000B141",NO
101566783787,CBCBE00563960000011301,Mr. SENTHILKUMAR THIRUVENKADASAMY,MALE,10-JAN-1975,17-FEB-2020,THIRUVENKADASAMY,FATHER,MARRIED,NOT AVAILABLE,NOT AVAILABLE,XXXX XXXX 6091,NOT AVAILABLE,"3089449XXXX,IFSC:SBIN0001384",NO
100787992929,CBCBE00563960000011288, SINDHUJA S,FEMALE,27-APR-1998,25-JAN-2020,SIVAKUMAR,FATHER,MARRIED,NOT AVAILABLE,NOT AVAILABLE,XXXX XXXX 4359,NOT AVAILABLE,"40410201003XXXX,IFSC:UBIN0540412",NO
101262137996,CBCBE00563960000011298,Mrs. AMUTHAVALLI T,FEMALE,13-APR-1980,18-JAN-2020,THIRUVENGADAM,HUSBAND,MARRIED,NOT AVAILABLE,NOT AVAILABLE,XXXX XXXX 2401,NOT AVAILABLE,"01460100003XXXX,IFSC:IOBA0000146",NO
101556613197,CBCBE00563960000011286,Mr. DHANABAGYAM,FEMALE,03-JAN-1964,18-JAN-2020,SUBRAMANI,HUSBAND,MARRIED,NOT AVAILABLE,NOT AVAILABLE,XXXX XXXX 4780,NOT AVAILABLE,"625202XXXX,IFSC:IDIB000M033",NO
100433655946,CBCBE00563960000011295,Ms. SUMATHI SHANKAR,FEMALE,09-MAR-1984,15-JAN-2020,SANKAR,HUSBAND,MARRIED,8300054064,NOT AVAILABLE,XXXX XXXX 1095,XXKPS128XX,"628264XXXX,IFSC:IDIB000K018",NO
100432817876,CBCBE00563960000011293,Ms. BAKYALAKSHMI N,FEMALE,03-JAN-1988,15-JAN-2020,C NAGARAJ,HUSBAND,DIVORCEE,8056679305,NOT AVAILABLE,XXXX XXXX 2432,NOT AVAILABLE,"626948XXXX,IFSC:IDIB000K018",NO
100282996241,CBCBE00563960000011300,Ms. PUSHPA KRISHNAMOORTHY,FEMALE,19-JAN-1975,13-JAN-2020,KRISHNA MOORTHY,HUSBAND,MARRIED,9942285271,NOT AVAILABLE,XXXX XXXX 1408,NOT AVAILABLE,"26710005030XXXX,IFSC:TMBL0000267",NO
101283627939,CBCBE00563960000011294,Mrs. SUDHA A,FEMALE,17-JUL-1984,10-JAN-2020,ASOKAN,HUSBAND,MARRIED,9942634501,NOT AVAILABLE,XXXX XXXX 2916,NOT AVAILABLE,"50010101043XXXX,IFSC:CIUB0000410",NO
101353238963,CBCBE00563960000011285,Ms. RANI SANKAR,FEMALE,05-SEP-1984,05-JAN-2020,SANKAR,HUSBAND,MARRIED,6385327031,NOT AVAILABLE,XXXX XXXX 3700,NOT AVAILABLE,"52044101565XXXX,IFSC:CORP0003043",NO
100054173879,CBCBE00563960000011296,Mr. THIRUPATHI S,MALE,05-MAY-1986,05-JAN-2020,SEENIVASAN,FATHER,UN-MARRIED,9159106839,NOT AVAILABLE,XXXX XXXX 2286,NOT AVAILABLE,"626265XXXX,IFSC:IDIB000P154",NO
100399621133,CBCBE00563960000011277,Ms. VALARMATHI BALASUBRAMANIYAM,FEMALE,09-NOV-1975,23-DEC-2019,R BALASUBRAMANIAN,FATHER,MARRIED,9698072079,NOT AVAILABLE,XXXX XXXX 7772,NOT AVAILABLE,"096127XXXX,IFSC:IDIB000K018",NO
101545860473,CBCBE00563960000011283,Mrs. MAGESHWARI S,FEMALE,01-JAN-1979,05-DEC-2019,SHANMUGAM,HUSBAND,MARRIED,7639550817,PMANIKANDAN14101997@GMAIL.COM,XXXX XXXX 0676,NOT AVAILABLE,"52029102145XXXX,IFSC:CORP0003043",NO
101415612461,CBCBE00563960000011276,Ms. SIVABHAKKIAM RAVI,FEMALE,24-FEB-1980,02-DEC-2019,RAVI,HUSBAND,MARRIED,NOT AVAILABLE,NOT AVAILABLE,XXXX XXXX 3063,NOT AVAILABLE,"52044100640XXXX,IFSC:CORP0000016",NO
101105101575,CBCBE00563960000011270,Mr. NARENDRA BARIK,MALE,28-JUL-1993,02-DEC-2019,ANANTA BARIK,FATHER,UN-MARRIED,9025825902,NOT AVAILABLE,XXXX XXXX 9961,NOT AVAILABLE,"633687XXXX,IFSC:IDIB000B141",NO
101185934581,CBCBE00563960000011255,Mr. SIVAKUMAR CHINNAIYAN,MALE,08-OCT-1974,11-NOV-2019,CHINNAIYAN,FATHER,MARRIED,9943443122,NOT AVAILABLE,XXXX XXXX 8184,NOT AVAILABLE,"655797XXXX,IFSC:IDIB000K018",NO
100421378572,CBCBE00563960000011246,Mr. R DINESH,MALE,02-MAY-1994,18-OCT-2019,RATHINAM PILLAI,FATHER,UN-MARRIED,7356908700,Dineshrpillai121@gmail.com ,XXXX XXXX 2472,NOT AVAILABLE,"38540201005XXXX,IFSC:UBIN0538540",NO
101418376396,CBCBE00563960000011248,Mr. JAYASHANKAR,MALE,28-JAN-1991,01-OCT-2019,MANIKANDAN,FATHER,UN-MARRIED,9633769133,NOT AVAILABLE,XXXX XXXX 7355,NOT AVAILABLE,"5735010000XXXX,IFSC:BARB0METTUP",NO
101330636483,CBCBE00563960000011245,Mrs. SAGAR BANU M,FEMALE,05-MAY-1984,01-OCT-2019,MUNSOOR ALI,HUSBAND,MARRIED,9385378487,NOT AVAILABLE,XXXX XXXX 8077,NOT AVAILABLE,"087036XXXX,IFSC:IDIB000M033",NO
100643993560,CBCBE00563960000011220,Ms. S GANGADEVI,FEMALE,02-MAY-1986,01-JUL-2019,RAMAR,HUSBAND,MARRIED,9787542671,NOT AVAILABLE,XXXX XXXX 0974,NOT AVAILABLE,"2028014XXXX,IFSC:SBIN0001384",NO
101342018895,CBCBE00563960000011217,Ms. LAVANYA,FEMALE,16-JUN-1990,01-JUL-2019,CHINNATHAMBI,HUSBAND,MARRIED,NOT AVAILABLE,NOT AVAILABLE,XXXX XXXX 2190,NOT AVAILABLE,"03780707610619XXXX,IFSC:CSBK0000378",NO
101482856231,CBCBE00563960000011211,Mrs. GOURI ROUT,FEMALE,12-OCT-1983,01-JUL-2019,SUSANTA KUMAR ROUT,HUSBAND,MARRIED,NOT AVAILABLE,NOT AVAILABLE,XXXX XXXX 2414,NOT AVAILABLE,"2046600XXXX,IFSC:SBIN0008155",NO
101342018876,CBCBE00563960000011207,Ms. SULOCHANA,FEMALE,16-MAR-1988,01-JUN-2019,PRABU,HUSBAND,MARRIED,NOT AVAILABLE,NOT AVAILABLE,XXXX XXXX 1766,NOT AVAILABLE,"03780707608819XXXX,IFSC:CSBK0000378",NO
101455430312,CBCBE00563960000011187,Mrs. SARADHA CHINNARAJ,FEMALE,01-JAN-1975,02-MAY-2019,CHINNARAJ,HUSBAND,MARRIED,NOT AVAILABLE,NOT AVAILABLE,XXXX XXXX 7391,NOT AVAILABLE,"1000490XXXX,IFSC:IDIB0PLB001",NO
101249480506,CBCBE00563960000011182,Mr. SIRANJEEVI P,MALE,09-MAY-1995,01-APR-2019,PALANISAMY,FATHER,UN-MARRIED,9786614957,NOT AVAILABLE,XXXX XXXX 4552,NOT AVAILABLE,"175316600000XXXX,IFSC:KVBL0001753",NO
101238840016,CBCBE00563960000011169,Mrs. VASUKI JEGATHISHWARAN,FEMALE,19-MAR-1980,01-APR-2019,BOMMA NAICKAR,FATHER,MARRIED,NOT AVAILABLE,NOT AVAILABLE,XXXX XXXX 2056,NOT AVAILABLE,"03780702276419XXXX,IFSC:CSBK0000378",NO
101380999615,CBCBE00563960000011173,Mrs. GITANJALI SAMAL,FEMALE,17-MAY-1984,01-APR-2019,SURENDRA SAHU,FATHER,MARRIED,NOT AVAILABLE,NOT AVAILABLE,XXXX XXXX 3683,NOT AVAILABLE,"624816XXXX,IFSC:IDIB000B141",NO
101443109704,CBCBE00563960000011174,Mrs. JOTHIMANI SELVARAJ,FEMALE,03-APR-1972,01-APR-2019,KRISHNASAMY,FATHER,MARRIED,NOT AVAILABLE,NOT AVAILABLE,XXXX XXXX 5314,NOT AVAILABLE,"030405300001XXXX,IFSC:SIBL0000304",NO
100594273650,CBCBE00563960000011154,Ms. SHENBAGAM BOOPALAN,FEMALE,03-JUN-1989,01-MAR-2019,BOOPALAN.S,HUSBAND,MARRIED,9715978321,NOT AVAILABLE,XXXX XXXX 1281,NOT AVAILABLE,"67360201000XXXX,IFSC:UBIN0567361",NO
101355258200,CBCBE00563960000011166,Mr. DHARANIDHAR DAS,MALE,03-APR-1965,01-MAR-2019,JADUMANI DAS,FATHER,MARRIED,NOT AVAILABLE,NOT AVAILABLE,XXXX XXXX 5702,NOT AVAILABLE,"642570XXXX,IFSC:IDIB000B141",NO
101431257090,CBCBE00563960000011162,Mr. KANAGARAJ K,MALE,10-OCT-1964,01-MAR-2019,KUPPUSAMY,FATHER,MARRIED,NOT AVAILABLE,NOT AVAILABLE,XXXX XXXX 5093,NOT AVAILABLE,"030405300001XXXX,IFSC:SIBL0000304",NO
101419778054,CBCBE00563960000011141,Mrs. AMSAVENI NAGENDIRAN,FEMALE,10-DEC-1977,01-FEB-2019,NAGENDIRAN,HUSBAND,MARRIED,NOT AVAILABLE,NOT AVAILABLE,XXXX XXXX 6306,NOT AVAILABLE,"081381XXXX,IFSC:IDIB000K018",NO
101419778065,CBCBE00563960000011142,Mrs. MARAGATHAM GANESAN,FEMALE,01-JAN-1983,01-FEB-2019,GANESAN,HUSBAND,MARRIED,NOT AVAILABLE,NOT AVAILABLE,XXXX XXXX 0615,NOT AVAILABLE,"52044100640XXXX,IFSC:CORP0000016",NO
101419778077,CBCBE00563960000011144,Mrs. SELVI,FEMALE,25-SEP-1985,01-FEB-2019,ANANTHAN,HUSBAND,MARRIED,NOT AVAILABLE,NOT AVAILABLE,XXXX XXXX 0356,NOT AVAILABLE,"3764221XXXX,IFSC:SBIN0001384",NO
101419778096,CBCBE00563960000011146,Mrs. K SANTAMANI,FEMALE,01-JAN-1969,01-FEB-2019,KANNAN,FATHER,MARRIED,9043579770,NOT AVAILABLE,XXXX XXXX 4204,NOT AVAILABLE,"3129313XXXX,IFSC:SBIN0001541",NO
101419778049,CBCBE00563960000011139,Mrs. KAVITHA A,FEMALE,30-APR-1979,01-FEB-2019,ANGAMUTHU,FATHER,MARRIED,NOT AVAILABLE,NOT AVAILABLE,XXXX XXXX 6073,NOT AVAILABLE,"162410400002XXXX,IFSC:IBKL0001624",NO
101419777976,CBCBE00563960000011130,Mrs. NANDHINI,FEMALE,17-FEB-1996,01-FEB-2019,MANIKANDAN,FATHER,MARRIED,9976536503,NOT AVAILABLE,XXXX XXXX 8267,NOT AVAILABLE,"2046600XXXX,IFSC:SBIN0008155",NO
101419777995,CBCBE00563960000011133,Mrs. MANJULA MASIRIYAPPAN,FEMALE,07-APR-1988,01-FEB-2019,MASIRIYAPPAN,FATHER,MARRIED,8489157097,NOT AVAILABLE,XXXX XXXX 9251,NOT AVAILABLE,"648440XXXX,IFSC:IDIB000B141",NO
101419778012,CBCBE00563960000011136,Mrs. DHANALAKSHMI,FEMALE,25-DEC-1977,01-FEB-2019,MURUGAN,HUSBAND,MARRIED,9787024231,NOT AVAILABLE,XXXX XXXX 4862,NOT AVAILABLE,"131410106XXXX,IFSC:CNRB0001314",NO
101419778008,CBCBE00563960000011134,Mrs. RANJITHA AARAN,FEMALE,11-DEC-1991,01-FEB-2019,AARAN,HUSBAND,MARRIED,9047420525,NOT AVAILABLE,XXXX XXXX 7750,NOT AVAILABLE,"52010125284XXXX,IFSC:CORP0000016",NO
101407825092,CBCBE00563960000011118,Mr. VENGATESAN ANGURAJ,MALE,04-FEB-1977,01-JAN-2019,ANGURAJ,FATHER,MARRIED,NOT AVAILABLE,NOT AVAILABLE,XXXX XXXX 0618,NOT AVAILABLE,"2024284XXXX,IFSC:SBIN0001384",NO
101382665901,CBCBE00563960000011095,Mrs. SANGEETHA P,FEMALE,25-APR-1987,01-DEC-2018,SASIKUMAR,HUSBAND,MARRIED,9344153943,Raji1987@e-mail.com,XXXX XXXX 6381,NOT AVAILABLE,"3292965XXXX,IFSC:SBIN0001384",NO
101385626093,CBCBE00563960000011093,Ms. PRABHAVATHI,FEMALE,30-MAY-1983,01-DEC-2018,RAJA,HUSBAND,MARRIED,9965282029,rajajj9259@gmail.com,XXXX XXXX 3987,NOT AVAILABLE,"670375XXXX,IFSC:IDIB000B141",NO
101134030105,CBCBE00563960000011069,Mr. RATNAKAR PATRA D,MALE,01-JAN-1982,01-NOV-2018,DHAYANIDHI PATRA,FATHER,UN-MARRIED,7339154051,NOT AVAILABLE,XXXX XXXX 8506,NOT AVAILABLE,"631530XXXX,IFSC:IDIB000B141",NO
101380999658,CBCBE00563960000011064,Mrs. KAMALA SAKTHIVEL,FEMALE,17-MAY-1980,01-NOV-2018,SAKTHIVEL,HUSBAND,MARRIED,8489742647,kamalaganapathy143@gmail.com,XXXX XXXX 0193,NOT AVAILABLE,"3129148XXXX,IFSC:SBIN0012477",NO
101380999643,CBCBE00563960000011063,Mr. BAIRAGI CHARAN DAS,MALE,09-JAN-1982,01-NOV-2018,SHANKARSHANA DAS,FATHER,UN-MARRIED,NOT AVAILABLE,NOT AVAILABLE,XXXX XXXX 5310,NOT AVAILABLE,"642571XXXX,IFSC:IDIB000B141",NO
101380999636,CBCBE00563960000011062,Mrs. USHA RANI T,FEMALE,01-JAN-1983,01-NOV-2018,THIYAGARAJAN,HUSBAND,MARRIED,9715765550,NOT AVAILABLE,XXXX XXXX 6994,NOT AVAILABLE,"00190369901919XXXX,IFSC:CSBK0000019",NO
101207509795,CBCBE00563960000011098,Mr. GOKULNATH SELVARAJ,MALE,24-AUG-1995,01-NOV-2018,SELVARAJ,FATHER,UN-MARRIED,9952339163,Gokegoke7@gmail.com,XXXX XXXX 2823,NOT AVAILABLE,"03780702333019XXXX,IFSC:CSBK0000378",NO
101382121254,CBCBE00563960000011078,Ms. SELVI S,FEMALE,11-AUG-1986,01-NOV-2018,SAKTHIVEL,HUSBAND,MARRIED,NOT AVAILABLE,NOT AVAILABLE,XXXX XXXX 4905,NOT AVAILABLE,"00160010102XXXX,IFSC:CORP0000016",NO
101382121249,CBCBE00563960000011077,Ms. BINDHU RAJADURAI,FEMALE,06-APR-1978,01-NOV-2018,SAMU,FATHER,MARRIED,8098759325,rvigneshwaran41@gmail.com,XXXX XXXX 3022,NOT AVAILABLE,"52018100162XXXX,IFSC:CORP0000016",NO
101382121231,CBCBE00563960000011076,Mrs. SAVITHA KALIMUTHU,FEMALE,11-MAY-1997,01-NOV-2018,KALIMUTHU,FATHER,UN-MARRIED,NOT AVAILABLE,NOT AVAILABLE,XXXX XXXX 5640,NOT AVAILABLE,"18450100000XXXX,IFSC:IOBA0001845",NO
101121263851,CBCBE00563960000011075,Mr. JAYACHITRA ARUMUGAM,FEMALE,19-MAY-1991,01-NOV-2018,ARUMUGAM,HUSBAND,MARRIED,9688943479,NOT AVAILABLE,XXXX XXXX 6512,NOT AVAILABLE,"01460100003XXXX,IFSC:IOBA0000146",NO
101382610863,CBCBE00563960000011089,Ms. THANGAMANI,FEMALE,05-OCT-1978,01-NOV-2018,PONNUSAMY,HUSBAND,MARRIED,NOT AVAILABLE,NOT AVAILABLE,XXXX XXXX 3067,NOT AVAILABLE,"1003620XXXX,IFSC:IDIB0PLB001",NO
101382610837,CBCBE00563960000011086,Ms. MALATHI P,FEMALE,01-JAN-1978,01-NOV-2018,PALANISAMY,HUSBAND,MARRIED,NOT AVAILABLE,NOT AVAILABLE,XXXX XXXX 3921,NOT AVAILABLE,"67360201000XXXX,IFSC:UBIN0567361",NO
101382610828,CBCBE00563960000011085,Ms. MUTHULAKSHMI ANANDHAN,FEMALE,21-FEB-1985,01-NOV-2018,KANNAN,FATHER,MARRIED,9942197174,NOT AVAILABLE,XXXX XXXX 7760,NOT AVAILABLE,"613642XXXX,IFSC:IDIB000M033",NO
101382610774,CBCBE00563960000011080,Ms. LATHA J,FEMALE,03-MAR-1986,01-NOV-2018,JEGADHEESH KUMAR,HUSBAND,MARRIED,NOT AVAILABLE,NOT AVAILABLE,XXXX XXXX 7164,NOT AVAILABLE,"62112272XXXX,IFSC:IDIB000M033",NO
101381435759,CBCBE00563960000011073,Mr. ENAMUTHU S,MALE,01-JAN-1971,01-NOV-2018,SELLAPPA,FATHER,MARRIED,NOT AVAILABLE,NOT AVAILABLE,XXXX XXXX 9993,NOT AVAILABLE,"O3780704480819XXXX,IFSC:CSBK0000378",NO
101371157820,CBCBE00563960000011051,Mr. PRAKASH CHANDAR SINGH,MALE,26-MAR-1995,01-OCT-2018,RASNANDA SINGH,FATHER,UN-MARRIED,7708823072,NOT AVAILABLE,XXXX XXXX 0180,NOT AVAILABLE,"626108XXXX,IFSC:IDIB000B141",NO
100653079016,CBCBE00563960000011041,Ms. S PREETHA,FEMALE,19-JUN-1980,01-OCT-2018,G SIVA,HUSBAND,MARRIED,9600403538,NOT AVAILABLE,XXXX XXXX 6676,NOT AVAILABLE,"00190369749519XXXX,IFSC:CSBK0000019",NO
101368088789,CBCBE00563960000011036,Mr. BICHHAND PATRA,MALE,06-APR-1988,29-SEP-2018,DHARMANAND PATRA,FATHER,UN-MARRIED,8117920620,NOT AVAILABLE,XXXX XXXX 4262,NOT AVAILABLE,"670374XXXX,IFSC:IDIB000B141",NO
101355258167,CBCBE00563960000011003,Mrs. JAYA KANAGARAJ,FEMALE,30-JUN-1974,01-SEP-2018,KANAGARAJ,HUSBAND,MARRIED,NOT AVAILABLE,NOT AVAILABLE,XXXX XXXX 9647,NOT AVAILABLE,"00190369751619XXXX,IFSC:CSBK0000019",NO
101342018882,CBCBE00563960000010990,Ms. SUMATHI KRISHNAN,FEMALE,29-JUN-1978,01-AUG-2018,KRISHNAN,HUSBAND,MARRIED,NOT AVAILABLE,NOT AVAILABLE,XXXX XXXX 4726,XXKPS709XX,"03780387617519XXXX,IFSC:CSBK0000378",NO
101342018869,CBCBE00563960000010988,Mr. KARUPPUSAMY ESWARAN,MALE,29-JUL-1964,01-AUG-2018,ESWARAN,FATHER,MARRIED,NOT AVAILABLE,NOT AVAILABLE,XXXX XXXX 5023,NOT AVAILABLE,"03780707613719XXXX,IFSC:CSBK0000378",NO
101342018905,CBCBE00563960000010992,Ms. ANITHA S,FEMALE,26-MAR-1987,01-AUG-2018,SARAVANAN,HUSBAND,MARRIED,9524352272,NOT AVAILABLE,XXXX XXXX 9428,NOT AVAILABLE,"01460100004XXXX,IFSC:IOBA0000146",NO
101325354874,CBCBE00563960000010979,Mrs. SELVARANI MURALIDHARAN,FEMALE,26-AUG-1966,01-JUL-2018,MURALIDHARAN,HUSBAND,MARRIED,9597390565,NOT AVAILABLE,XXXX XXXX 0363,NOT AVAILABLE,"00190369XXXX,IFSC:CSBK0000019",NO
101172913723,CBCBE00563960000010956,Mrs. RAJESHWARI K,FEMALE,06-AUG-1973,01-JUN-2018,KIRUSHNAN,HUSBAND,MARRIED,NOT AVAILABLE,NOT AVAILABLE,XXXX XXXX 1282,NOT AVAILABLE,"03780703232219XXXX,IFSC:CSBK0000378",NO
101172913734,CBCBE00563960000010957,Mrs. VALARMATHI N,FEMALE,04-APR-1977,01-JUN-2018,NARAYANAN,HUSBAND,MARRIED,NOT AVAILABLE,NOT AVAILABLE,XXXX XXXX 4546,NOT AVAILABLE,"03780703516019XXXX,IFSC:CSBK0000378",NO
101294313126,CBCBE00563960000010942,Mr. ASHESA PATRA,MALE,19-OCT-1995,01-MAY-2018,SANANDA PATRA,FATHER,UN-MARRIED,6383086236,NOT AVAILABLE,XXXX XXXX 9394,NOT AVAILABLE,"668822XXXX,IFSC:IDIB000B141",NO
101157589045,CBCBE00563960000010886,Mr. SASIKALA KANAGARAJ,FEMALE,08-MAR-1981,01-FEB-2018,KANAGARAJ,HUSBAND,MARRIED,9578514099,NOT AVAILABLE,XXXX XXXX 0615,NOT AVAILABLE,"03780702277119XXXX,IFSC:CSBK0000378",NO
101252888017,CBCBE00563960000010887,Mrs. SARASHWATHI RAMACHANTHIRAN,FEMALE,21-APR-1969,01-FEB-2018,RAMACHANTHIRAN,HUSBAND,MARRIED,NOT AVAILABLE,NOT AVAILABLE,XXXX XXXX 0454,NOT AVAILABLE,"03780702276519XXXX,IFSC:CSBK0000378",NO
101069402763,CBCBE00563960000010868,Ms. POONKODI RANGANATHAN,FEMALE,11-FEB-1975,01-JAN-2018,NANJAIYAN,FATHER,MARRIED,NOT AVAILABLE,NOT AVAILABLE,XXXX XXXX 2190,NOT AVAILABLE,"03780702276019XXXX,IFSC:CSBK0000378",NO
101238840000,CBCBE00563960000010869,Mrs. VIJAYALAKSHMI,FEMALE,01-JAN-1983,01-JAN-2018,RANGANATHAN,HUSBAND,MARRIED,9600963351,NOT AVAILABLE,XXXX XXXX 5281,NOT AVAILABLE,"03780702276119XXXX,IFSC:CSBK0000378",NO
101222901726,CBCBE00563960000010854,Mrs. P R SASIKALA,FEMALE,09-SEP-1987,01-DEC-2017,R BOOPALAN,HUSBAND,MARRIED,9787559007,NOT AVAILABLE,XXXX XXXX 8137,XXBPS602XX,"6241270XXXX,IFSC:SBIN0001541",NO
101222901719,CBCBE00563960000010853,Mr. RAJA V M,MALE,16-AUG-1975,01-DEC-2017,MOHAN,FATHER,MARRIED,9080760009,vmraja16@gmail.com,XXXX XXXX 3753,NOT AVAILABLE,"00190393958519XXXX,IFSC:CSBK0000019",NO
101207509186,CBCBE00563960000010832,Mr. SARAVANAN ANGURAJ,MALE,15-MAY-1973,01-NOV-2017,ANGURAJ,FATHER,MARRIED,9865780743,NOT AVAILABLE,XXXX XXXX 7811,NOT AVAILABLE,"00190348690219XXXX,IFSC:CSBK0000019",NO
101178054246,CBCBE00563960000010800,Mr. RANGANATHAN,MALE,01-JAN-1966,01-SEP-2017,PERIYA VEDAN,FATHER,MARRIED,NOT AVAILABLE,NOT AVAILABLE,XXXX XXXX 6300,NOT AVAILABLE,"03780396033119XXXX,IFSC:CSBK0000378",NO
101134082971,CBCBE00563960000010761,Mr. SWAMINATHAN C,MALE,10-JAN-1972,01-JUN-2017,CHELLAPPA,FATHER,MARRIED,9659079642,NOT AVAILABLE,XXXX XXXX 0886,XXOPS065XX,"3315838XXXX,IFSC:SBIN0004792",NO
101105101715,CBCBE00563960000010744,Mr. TUNA PATRA,MALE,11-FEB-1993,02-MAY-2017,SHYAMAGHAN PATRA,FATHER,UN-MARRIED,9597023791,NOT AVAILABLE,XXXX XXXX 2952,NOT AVAILABLE,"663215XXXX,IFSC:IDIB000B141",NO
101081277076,CBCBE00563960000010721,Mr. N B RAVIKUMAR,MALE,01-JUN-1972,01-APR-2017,BELLAN,FATHER,MARRIED,9787841320,NOT AVAILABLE,XXXX XXXX 7690,NOT AVAILABLE,"00190393039719XXXX,IFSC:CSBK0000019",NO
101355510711,CBCBE00563960000011025,Mr. S RAJAMANI,MALE,10-MAY-1967,16-MAR-2016,SUBBIAH,FATHER,MARRIED,8637675036,NOT AVAILABLE,XXXX XXXX 8434,NOT AVAILABLE,"642462XXXX,IFSC:IDIB000B141",NO
101355258216,CBCBE00563960000011008,Ms. MARIYASEELI NELSON,FEMALE,12-JUN-1984,16-DEC-2015,NELSON,FATHER,UN-MARRIED,9659917035,NOT AVAILABLE,XXXX XXXX 2283,XXUPN399XX,"00190369XXXX,IFSC:CSBK0000019",NO
100556811865,CBCBE00563960000000541,Mr. RAJESH,MALE,13-SEP-1991,01-JUN-2015,K S VASUDEVAN,FATHER,UN-MARRIED,9566867398,NOT AVAILABLE,XXXX XXXX 3506,XXJPR475XX,"3853336XXXX,IFSC:SBIN0008155",NO
100506653339,CBCBE00563960000000476,Mr. C MAKESH KUMAR,MALE,05-JUN-1984,01-MAR-2015,CHINNASAMY,FATHER,MARRIED,8526187460,NOT AVAILABLE,XXXX XXXX 6864,NOT AVAILABLE,"02630301006919XXXX,IFSC:CSBK0000263",NO
100506621706,CBCBE00563960000000446,Mr. SHARAVANTH SIDDHARTH RAVICHANDRAN,MALE,22-OCT-1990,01-JUL-2014,C.B. RAVICHANDRAN,FATHER,MARRIED,9965518644,NOT AVAILABLE,XXXX XXXX 0666,XXJPS919XX,"3233254XXXX,IFSC:SBIN0008155",NO
100210350080,CBCBE00563960000000232,Ms. M.MAHESWARI,FEMALE,09-MAY-1979,02-JAN-2012,MAHALINGAM,FATHER,MARRIED,9842693146,NOT AVAILABLE,XXXX XXXX 5672,NOT AVAILABLE,"45648XXXX,IFSC:IDIB000K018",NO
100071007136,CBCBE00563960000000176,Ms. A  PARAMESHWARI,FEMALE,07-JUL-1968,21-FEB-2011,ANBUSELVAN,FATHER,MARRIED,8098420816,NOT AVAILABLE,XXXX XXXX 8873,NOT AVAILABLE,"625341XXXX,IFSC:IDIB000B141",NO
100288023001,CBCBE00563960000000175,Ms. M  DHANALAKSHMI,FEMALE,03-JUL-1967,19-FEB-2011,RANGASAMY,FATHER,MARRIED,9791749874,NOT AVAILABLE,XXXX XXXX 9293,NOT AVAILABLE,"1039800XXXX,IFSC:SBIN0001541",NO
100209732063,CBCBE00563960000000171,Mr. ARULANANDAN  M,MALE,23-MAY-1967,08-NOV-2010,G.MYLSAMY,FATHER,MARRIED,8825807373,ARULANANDAN.M@GMAIL.COM,XXXX XXXX 3534,XXDPA345XX,"00190347XXXX,IFSC:CSBK0000019",YES
100211078548,CBCBE00563960000000071,Mr. SHANMUGAM MUTHIAH,MALE,17-MAY-1964,01-JAN-2005,MUTHIAH,FATHER,MARRIED,9488260932,mshanmugam64@gmail.com,XXXX XXXX 0488,XXOPS608XX,"1012225XXXX,IFSC:SBIN0008155",NO
100183547745,CBCBE00563960000000055,Mr. KANAGARAJ K,MALE,01-JUN-1969,21-MAR-2003,KARUPPANNA GOUNDER,FATHER,MARRIED,9843938035,NOT AVAILABLE,XXXX XXXX 6032,NOT AVAILABLE,"45655XXXX,IFSC:IDIB000K018",NO
100323592351,CBCBE00563960000000035,Ms. CHITRA S,FEMALE,01-JUL-1976,21-MAR-2003,P JEYAKUMAR,HUSBAND,MARRIED,9786343689,NOT AVAILABLE,XXXX XXXX 9203,NOT AVAILABLE,"3162008XXXX,IFSC:SBIN0001541",NO
100144648989,CBCBE00563960000000054,Mr. RANGARAJ ESWARAN,MALE,08-MAY-1971,21-MAR-2003,EASWARA GOWDER,FATHER,MARRIED,8870030241,NOT AVAILABLE,XXXX XXXX 1688,NOT AVAILABLE,"00190348791419XXXX,IFSC:CSBK0000019",NO
100288621878,CBCBE00563960000000026,Ms. RUKKUMANI R,FEMALE,20-MAY-1972,01-AUG-1995,RAVI,FATHER,MARRIED,9750750771,NOT AVAILABLE,XXXX XXXX 5454,XXEPR454XX,"01460100002XXXX,IFSC:IOBA0000146",NO
100184022379,CBCBE00563960000000023,Mr. K PARAMESWARAN,MALE,15-JUN-1973,01-OCT-1994,KALAPPA GOWDER,FATHER,MARRIED,9865459631,NOT AVAILABLE,XXXX XXXX 8624,NOT AVAILABLE,"00190348663619XXXX,IFSC:CSBK0000019",NO
100148271793,CBCBE00563960000000014,Ms. JOTHIMANI GOVINDHARAJ,FEMALE,30-NOV-1974,01-OCT-1994,GOVINDARAJ,FATHER,MARRIED,9363340040,NOT AVAILABLE,XXXX XXXX 0102,NOT AVAILABLE,"625738XXXX,IFSC:IDIB000P154",NO
100184148901,CBCBE00563960000000012,Ms. RAJAMANI K,FEMALE,23-DEC-1968,01-OCT-1994,KARUPPUSAMY,FATHER,MARRIED,7598546880,NOT AVAILABLE,XXXX XXXX 6521,NOT AVAILABLE,"625096XXXX,IFSC:IDIB000B141",NO
100246451744,CBCBE00563960000000013,Ms. INDIRANI N,FEMALE,10-MAY-1976,01-OCT-1994,NATARAJ,FATHER,MARRIED,9965850509,NOT AVAILABLE,XXXX XXXX 0873,NOT AVAILABLE,"625269XXXX,IFSC:IDIB000B141",NO
