UAN,Member ID,Name,Gender,DoB,DoJ,Father's/Husband's Name,Relation,Marital Status,Mobile,Email ID,AADHAAR,PAN,"Bank Account No, IFSC Code ",Nomination Filed
101207509089,CBCBE00563460000010721,Mrs. ANITHA M,MALE,12-MAY-1970,10-MAR-2021,MUGESAN,FATHER,MARRIED,9578249981,NOT AVAILABLE,XXXX XXXX 3795,XXKPA214XX,"0827010002XXXX,IFSC:BARB0TATABA",NO
101344075391,CBCBE00563460000010722,Mr. VRIJESH,MALE,01-DEC-1998,10-MAR-2021,RAMPYARE,FATHER,UN-MARRIED,6307969529,NOT AVAILABLE,XXXX XXXX 2371,NOT AVAILABLE,"71861011000XXXX,IFSC:BKID0007186",NO
101547021138,CBCBE00563460000010720,Mr. FANINDRA TUDU,MALE,07-JUL-2001,10-MAR-2021,BANABHIHARI,FATHER,UN-MARRIED,NOT AVAILABLE,NOT AVAILABLE,XXXX XXXX 9070,NOT AVAILABLE,"331513100XXXX,IFSC:CNRB0003315",NO
101478099835,CBCBE00563460000010719,Mr. ABHISHEK KUMAR,MALE,04-JUL-2000,10-MAR-2021,MOHAN,FATHER,UN-MARRIED,9514598587,NOT AVAILABLE,XXXX XXXX 6853,NOT AVAILABLE,"02710718775919XXXX,IFSC:CSBK0000271",NO
101308732876,CBCBE00563460000010718,Mr. ROSHAN,MALE,13-MAR-2000,10-MAR-2021,GYAN,FATHER,UN-MARRIED,9566836104,NOT AVAILABLE,XXXX XXXX 6371,NOT AVAILABLE,"02710706088019XXXX,IFSC:CSBK0000271",NO
101341867401,CBCBE00563460000010714,Mr. NISHIKANTA PATRA,MALE,11-MAR-1995,01-MAR-2021,SUJIT PATRA,FATHER,UN-MARRIED,8436290774,NOT AVAILABLE,XXXX XXXX 5650,NOT AVAILABLE,"6561218000XXXX,IFSC:SYNB0006561",NO
101342073589,CBCBE00563460000010712,Mr. MAHESH,MALE,01-JAN-1995,01-MAR-2021,RAMBALI,FATHER,MARRIED,7380417193,NOT AVAILABLE,XXXX XXXX 3347,NOT AVAILABLE,"4005630XXXX,IFSC:SBIN0008155",NO
101240324864,CBCBE00563460000010717,Mrs. SUMATHI,FEMALE,15-JUN-1982,01-MAR-2021,NAGAIYA,HUSBAND,MARRIED,9786945178,NOT AVAILABLE,XXXX XXXX 5851,XXVPS697XX,"6561220000XXXX,IFSC:SYNB0006561",NO
101666946461,CBCBE00563460000010713,Mr. ASWINI PARTA,MALE,28-OCT-2001,01-MAR-2021,LAKSMAN PARTA,FATHER,UN-MARRIED,6374086500,NOT AVAILABLE,XXXX XXXX 5904,NOT AVAILABLE,"4005528XXXX,IFSC:SBIN0003690",NO
101666946474,CBCBE00563460000010715,Mr. SURJYA KANTA PATRA,MALE,29-SEP-2002,01-MAR-2021,SUJIT PATRA,FATHER,UN-MARRIED,9635783868,NOT AVAILABLE,XXXX XXXX 1830,XXDPP229XX,"3974960XXXX,IFSC:SBIN0000135",NO
101478114352,CBCBE00563460000010716,Mr. PRAKASH KUMAR,MALE,01-JAN-2001,01-MAR-2021,RAJENDR,FATHER,UN-MARRIED,9514598587,NOT AVAILABLE,XXXX XXXX 0563,NOT AVAILABLE,"01960718961119XXXX,IFSC:CSBK0000271",NO
100924371460,CBCBE00563460000010710,Mr. DEEPAGAN RAJENDRAN,MALE,07-SEP-1998,25-FEB-2021,RAJENDRAN,FATHER,NOT AVAILABLE,9994241228,NOT AVAILABLE,XXXX XXXX 9164,XXWPD618XX,"3828392XXXX,IFSC:SBIN0070319",NO
101258738773,CBCBE00563460000010708,Mr. SANJIB PRADHAN,MALE,24-APR-1996,22-FEB-2021,SUDHANGSHU PRADHAN,FATHER,UN-MARRIED,7318632006,NOT AVAILABLE,XXXX XXXX 8722,NOT AVAILABLE,"03780395393619XXXX,IFSC:CSBK0000019",NO
101662723005,CBCBE00563460000010709,Mr. RABI TINGUYA,MALE,09-JUN-2002,18-FEB-2021,RAMCHANDRA TINGUA,FATHER,UN-MARRIED,7781841220,NOT AVAILABLE,XXXX XXXX 9222,NOT AVAILABLE,"4003534XXXX,IFSC:SBIN0003690",NO
101371446085,CBCBE00563460000010711,Mr. SUSHIL,MALE,11-AUG-2001,18-FEB-2021,GULLU,FATHER,UN-MARRIED,8508291046,NOT AVAILABLE,XXXX XXXX 3895,NOT AVAILABLE,"4003533XXXX,IFSC:SBIN0003690",NO
101659395860,CBCBE00563460000010707,Mr. BANABIHARI TUDU,MALE,01-JAN-1978,06-FEB-2021,FANINDRA NATH TUDU,FATHER,MARRIED,6380357339, ,XXXX XXXX 7505,XXFPB053XX,"3537639XXXX,IFSC:SBIN0008328",NO
101572888825,CBCBE00563460000010706,Mr. MOORTHY,MALE,05-APR-1973,06-FEB-2021,SUPAIYAN,FATHER,MARRIED,9965199639,NOT AVAILABLE,XXXX XXXX 6701,NOT AVAILABLE,"681827XXXX,IFSC:IDIB000P154",NO
101647625580,CBCBE00563460000010703,Mr. SHUBHAJIT MAITY,MALE,05-SEP-2002,04-JAN-2021,BISHNUPADA MAITY,FATHER,UN-MARRIED,7870077494,NOT AVAILABLE,XXXX XXXX 9857,NOT AVAILABLE,"3989122XXXX,IFSC:SBIN0008155",NO
101459295538,CBCBE00563460000010704,Mr. DEBU TINGUA,MALE,03-SEP-1996,04-JAN-2021,RAMCHANDRA TINGUA,FATHER,UN-MARRIED,8778567643,NOT AVAILABLE,XXXX XXXX 7438,XXFPT932XX,"3990109XXXX,IFSC:SBIN0008155",NO
100674626284,CBCBE00563460000010702,Ms. KAVITHA.K,FEMALE,06-MAR-1978,04-JAN-2021,KARUPPUSAMY,HUSBAND,MARRIED,9786037691,NOT AVAILABLE,XXXX XXXX 8334,XXUPK831XX,"3012885XXXX,IFSC:SBIN0001541",NO
101640104553,CBCBE00563460000010699,Mrs. NAGALAKSHMI,FEMALE,01-JAN-1970,16-DEC-2020,DURAISAMY,HUSBAND,MARRIED,9566463097,NOT AVAILABLE,XXXX XXXX 8264,XXJPN630XX,"2031323XXXX,IFSC:SBIN0008155",NO
101160380835,CBCBE00563460000010700,Mrs. RADHAMANI,FEMALE,23-APR-1987,14-DEC-2020,ANANDHAN,HUSBAND,MARRIED,9159832220,NOT AVAILABLE,XXXX XXXX 8159,XXNPR856XX,"3117751XXXX,IFSC:SBIN0008155",NO
101287748602,CBCBE00563460000010697,Mrs. J FAMITHA BANU,FEMALE,01-DEC-1979,12-DEC-2020,JAKEERHUSSIAN,HUSBAND,MARRIED,7339498350,NOT AVAILABLE,XXXX XXXX 1371,XXEPF114XX,"00190367740119XXXX,IFSC:CSBK0000019",NO
101506654099,CBCBE00563460000010698,Mrs. RESHMA,FEMALE,14-JUN-1994,12-DEC-2020,ASHIS DAS,HUSBAND,MARRIED,9790137516,NOT AVAILABLE,XXXX XXXX 3477,XXVPR964XX,"00190367645019XXXX,IFSC:CSBK0000019",NO
101636321981,CBCBE00563460000010696,Mrs. SIVAPRIYA MOORTHI,FEMALE,04-MAY-2000,04-DEC-2020,MOORTHI,FATHER,MARRIED,8056358950,NOT AVAILABLE,XXXX XXXX 3392,XXLPS949XX,"3629460XXXX,IFSC:SBIN0014254",NO
101590375210,CBCBE00563460000010695,Mrs. MENAGA,FEMALE,26-MAR-1983,01-DEC-2020,MANIKANDAN,HUSBAND,MARRIED,8098318665,NOT AVAILABLE,XXXX XXXX 9398,XXOPM392XX,"1009229XXXX,IFSC:IDIB0PLB001",NO
101630842018,CBCBE00563460000010693,Mr. RAVIKUMAR RANGARAJ,MALE,15-MAR-1971,19-NOV-2020,RANGARAJ,FATHER,MARRIED,9842591488,NOT AVAILABLE,XXXX XXXX 8589,NOT AVAILABLE,"0827010001XXXX,IFSC:BARB0TATABA",NO
100064549352,CBCBE00563460000010692,Mr. RAVICHANDRAN THANGAVEL,MALE,20-MAY-1975,18-NOV-2020,THANGAVELU,FATHER,MARRIED,9384589651,NOT AVAILABLE,XXXX XXXX 7873,XXMPR366XX,"625535XXXX,IFSC:IDIB000P154",NO
100003570069,CBCBE00563460000010689,Mr. BISWAJIT PATRA,MALE,23-MAR-1994,19-OCT-2020,ASHWINI PATRA,FATHER,MARRIED,7530010408,NOT AVAILABLE,XXXX XXXX 8550,XXVPB686XX,"3571728XXXX,IFSC:SBIN0009135",NO
101341797092,CBCBE00563460000010690,Mr. SUBHANKAR JANA,MALE,15-JUN-1998,19-OCT-2020,SANJAY JANA,FATHER,UN-MARRIED,9790218203,subhnkarjana9790218203@gmail.com,XXXX XXXX 3833,NOT AVAILABLE,"3845813XXXX,IFSC:SBIN0009135",NO
101142482751,CBCBE00563460000010688,Mr. SHIBSHANKAR DAS,MALE,17-JAN-1996,19-OCT-2020,KESHAB DAS,FATHER,UN-MARRIED,8348686243,NOT AVAILABLE,XXXX XXXX 9291,NOT AVAILABLE,"3884995XXXX,IFSC:SBIN0009135",NO
101339305369,CBCBE00563460000010686,Mr. PABITRA SIMAI,MALE,17-NOV-2000,18-OCT-2020,CHANDRA MOHAN SIMAI,FATHER,UN-MARRIED,7908217819,NOT AVAILABLE,XXXX XXXX 8982,NOT AVAILABLE,"3845045XXXX,IFSC:SBIN0009135",NO
101323807748,CBCBE00563460000010683,Mr. BABU,MALE,16-APR-1973,16-SEP-2020,VELLINGIRI,FATHER,UN-MARRIED,8098617371,NOT AVAILABLE,XXXX XXXX 6649,XXOPB068XX,"3967436XXXX,IFSC:SBIN0008155",NO
101611209862,CBCBE00563460000010685,Mrs. MAHESWARI A,FEMALE,10-FEB-1991,16-SEP-2020,ARUCHAMY,FATHER,MARRIED,9159838286,NOT AVAILABLE,XXXX XXXX 6470,XXCPM969XX,"175915500001XXXX,IFSC:KVBL0001759",NO
101611209858,CBCBE00563460000010684,Mrs. MYTHILI,FEMALE,20-AUG-1990,15-SEP-2020,VELUSAMY,HUSBAND,MARRIED,9750584482,NOT AVAILABLE,XXXX XXXX 7256,NOT AVAILABLE,"3967179XXXX,IFSC:SBIN0008155",NO
101438077533,CBCBE00563460000010677,Mr. SARAVANAN S,MALE,05-MAR-1975,13-AUG-2020,SHANMUGAM,FATHER,MARRIED,9500233420,NOT AVAILABLE,XXXX XXXX 2632,NOT AVAILABLE,"25610100000XXXX,IFSC:IOBA0002561",NO
101598462487,CBCBE00563460000010674,Mrs. LAKHSMI,FEMALE,17-JAN-1980,05-AUG-2020,JAYARAJ,HUSBAND,MARRIED,7558108723,NOT AVAILABLE,XXXX XXXX 4393,XXLPL329XX,"3828174XXXX,IFSC:SBIN0008155",NO
101593001171,CBCBE00563460000010669,Ms. NEELAVADHI V,FEMALE,05-JUN-1970,20-JUL-2020,VELLINGIRI,HUSBAND,MARRIED,8015569326,NOT AVAILABLE,XXXX XXXX 8770,XXBPN230XX,"3390809XXXX,IFSC:SBIN0008155",NO
101593001163,CBCBE00563460000010668,Mr. R RANGASAMY,MALE,01-JUL-1970,12-JUL-2020,RAMASAMY,FATHER,MARRIED,8675512338,NOT AVAILABLE,XXXX XXXX 5683,XXMPR345XX,"09410100000XXXX,IFSC:IOBA0000941",NO
101593001159,CBCBE00563460000010667,Ms. RENUKADEVI,FEMALE,09-MAY-1980,12-JUL-2020,MAHENDRAN,HUSBAND,MARRIED,9944491579,NOT AVAILABLE,XXXX XXXX 9376,NOT AVAILABLE,"1003759XXXX,IFSC:IDIB0PLB001",NO
101593001192,CBCBE00563460000010672,Ms. RENUKADEVI,FEMALE,01-JAN-1977,12-JUL-2020,SUNDARAJ,HUSBAND,MARRIED,7094090368,NOT AVAILABLE,XXXX XXXX 5474,NOT AVAILABLE,"2025783XXXX,IFSC:SBIN0008155",NO
101593001185,CBCBE00563460000010670,Ms. VASANTHAMANI L,FEMALE,01-JAN-1971,12-JUL-2020,LOGANATHAN A,HUSBAND,MARRIED,8489740554,NOT AVAILABLE,XXXX XXXX 3652,XXZPV470XX,"6561218000XXXX,IFSC:SYNB0006561",NO
100143116189,CBCBE00563460000010671,Mr. M.DHALAVAIKUMAR,MALE,20-DEC-1968,02-JUL-2020,MARIAPPAN. S,FATHER,MARRIED,9442709095,MDKKVRS@GMAIL.COM,XXXX XXXX 8729,XXSPD775XX,"3221022XXXX,IFSC:SBIN0006577",NO
101581583526,CBCBE00563460000010663,Mrs. SAGUNTHALAMANI,FEMALE,15-APR-1978,26-MAY-2020,KARUPPUSAMY,HUSBAND,MARRIED,8940744936,NOT AVAILABLE,XXXX XXXX 2884,NOT AVAILABLE,"3950841XXXX,IFSC:SBIN0008155",NO
101170990507,CBCBE00563460000010660,Mr. AMSAVENI SELVAN,FEMALE,20-JUL-1984,07-MAR-2020,SUBRAMANI,HUSBAND,MARRIED,9382835251,NOT AVAILABLE,XXXX XXXX 4101,NOT AVAILABLE,"2046600XXXX,IFSC:SBIN0008155",NO
101574112352,CBCBE00563460000010661,Mrs. JOTHILAKSHMI RAVICHANDRAN,FEMALE,01-JAN-1972,02-MAR-2020,RAVICHANDRAN,HUSBAND,MARRIED,9600250557,NOT AVAILABLE,XXXX XXXX 2641,NOT AVAILABLE,"204600XXXX,IFSC:SBIN0008155",NO
101156939073,CBCBE00563460000010655,Mr. RAMAR MUTHUSAMY,MALE,14-AUG-1993,12-FEB-2020,MUTHUSAMY,FATHER,UN-MARRIED,6369194236,NOT AVAILABLE,XXXX XXXX 2524,XXEPR725XX,"00190395154819XXXX,IFSC:CSBK0000019",NO
101294163376,CBCBE00563460000010648,Mr. LAXMAN MAJHI,MALE,20-MAY-1997,23-JAN-2020,RANJIT MAJHI,FATHER,UN-MARRIED,9348684027,NOT AVAILABLE,XXXX XXXX 2674,NOT AVAILABLE,"54221011001XXXX,IFSC:BKID0005422",NO
101554276930,CBCBE00563460000010649,Mr. NARANA MAJHI,MALE,18-MAR-2001,23-JAN-2020,PHURUMAL MAJHI,FATHER,UN-MARRIED,9178040396,NOT AVAILABLE,XXXX XXXX 2990,NOT AVAILABLE,"03780722655519XXXX,IFSC:CSBK0000378",NO
101031482664,CBCBE00563460000010647,Mrs. SASIKALA MUNIRAJ,FEMALE,09-SEP-1981,01-JAN-2020,MUNIRAJ,HUSBAND,MARRIED,8940706035,NOT AVAILABLE,XXXX XXXX 6368,NOT AVAILABLE,"3444619XXXX,IFSC:SBIN0008155",NO
101554276948,CBCBE00563460000010650,Mrs. KANGAMANI,FEMALE,05-MAY-1979,01-JAN-2020,DHEVARAJ,HUSBAND,MARRIED,9843640052,NOT AVAILABLE,XXXX XXXX 4677,NOT AVAILABLE,"03780722656819XXXX,IFSC:CSBK0000378",NO
101113290041,CBCBE00563460000010651,Mrs. SAKUNTHULA RAGUPATHI,FEMALE,01-JAN-1988,01-JAN-2020,RAGUPATHI,HUSBAND,MARRIED,6385452232,NOT AVAILABLE,XXXX XXXX 4672,NOT AVAILABLE,"03780722404519XXXX,IFSC:CSBK0000378",NO
100740329745,CBCBE00563460000010644,Mrs. RAJALAKSHMI NAGARAJ,FEMALE,04-MAY-1966,06-DEC-2019,NAGARAJ,HUSBAND,MARRIED,9688233606,NOT AVAILABLE,XXXX XXXX 4384,NOT AVAILABLE,"0547010002XXXX,IFSC:BARB0RACECO",NO
100288557170,CBCBE00563460000010643,Ms. R RAJESWARI,FEMALE,14-JUL-1968,05-DEC-2019,V.RAJENDRAN,FATHER,MARRIED,8300263685,NOT AVAILABLE,XXXX XXXX 6976,NOT AVAILABLE,"00190367743519XXXX,IFSC:CSBK0000019",NO
101194134234,CBCBE00563460000010642,Mr. KRISHNAMOORTHY RAMASAMY,MALE,06-MAY-1970,01-DEC-2019,RAMASAMY,FATHER,MARRIED,9489676799,NOT AVAILABLE,XXXX XXXX 0329,NOT AVAILABLE,"14650100002XXXX,IFSC:IOBA0001465",NO
101544234367,CBCBE00563460000010645,Mr. K P SUNDAR,MALE,21-MAY-1977,01-DEC-2019,PICHUMANI,FATHER,MARRIED,8870532957,NOT AVAILABLE,XXXX XXXX 0638,NOT AVAILABLE,"3446897XXXX,IFSC:SBIN0001541",NO
100070531939,CBCBE00563460000010641,Mr. BALAMURUGAN ANNAMALAI,MALE,29-JUL-1975,01-NOV-2019,N.ANNAMALAI,FATHER,MARRIED,9384746174,ITSME.BAALAMURUGAN@GMAIL.COM,XXXX XXXX 8786,XXVPB616XX,"3040975XXXX,IFSC:SBIN0008155",YES
101515482801,CBCBE00563460000010636,Mr. POORNA CHANDRAN B,MALE,07-JUN-1977,21-OCT-2019,BOSS,FATHER,UN-MARRIED,8248102138,Chanpoorna600@gmail.com,XXXX XXXX 3178,XXEPP888XX,"3865126XXXX,IFSC:SBIN0008155",NO
100739525187,CBCBE00563460000010638,Mr. GURUSAMY RANGASAMY,MALE,07-MAY-1971,21-OCT-2019,RANGASAMY,FATHER,MARRIED,9500382014,NOT AVAILABLE,XXXX XXXX 7329,NOT AVAILABLE,"03780720971419XXXX,IFSC:CSBK0000378",NO
101493638550,CBCBE00563460000010629,Mrs. CHANDRAKALA CHINNASAMY,FEMALE,28-JUN-1975,16-AUG-2019,CHINNASAMY,HUSBAND,MARRIED,9965849460,NOT AVAILABLE,XXXX XXXX 6084,NOT AVAILABLE,"00190378602319XXXX,IFSC:CSBK0000019",NO
101493639968,CBCBE00563460000010630,Mrs. KAVITHA GOPI,FEMALE,03-JUN-1981,01-AUG-2019,PERUMAL J,HUSBAND,MARRIED,9786278713,NOT AVAILABLE,XXXX XXXX 8675,NOT AVAILABLE,"03780718634819XXXX,IFSC:CSBK0000378",NO
101493638521,CBCBE00563460000010625,Mrs. SAVITHRI,FEMALE,25-OCT-1984,01-AUG-2019,GUNASEKARAN,HUSBAND,MARRIED,7708308174,NOT AVAILABLE,XXXX XXXX 6281,NOT AVAILABLE,"0378071839919XXXX,IFSC:CSBK0000378",NO
100263518115,CBCBE00563460000010624,Ms. P JAYALAKSHMI,FEMALE,10-DEC-1969,22-JUL-2019,V.PALANISAMY,FATHER,MARRIED,9790642534,NOT AVAILABLE,XXXX XXXX 7523,NOT AVAILABLE,"364711900XXXX,IFSC:CNRB0003647",NO
101468616254,CBCBE00563460000010618,Mr. JAGANATHASAMY RAMASAMY,MALE,08-DEC-1965,01-JUN-2019,RAMASAMY,FATHER,MARRIED,9442750485,NOT AVAILABLE,XXXX XXXX 5614,NOT AVAILABLE,"03780715846119XXXX,IFSC:CSBK0000378",NO
100739006974,CBCBE00563460000010617,Ms. KALAIVANI.V,FEMALE,16-MAR-1979,01-JUN-2019,ASHOKKUMAR,FATHER,MARRIED,8428673770,NOT AVAILABLE,XXXX XXXX 5425,NOT AVAILABLE,"103411800XXXX,IFSC:CNRB0001034",NO
100645970702,CBCBE00563460000010616,Ms. JOTHIMANI MASTHANNAN,FEMALE,06-NOV-1976,01-JUN-2019,MASTHANNAN,HUSBAND,MARRIED,9659042652,NOT AVAILABLE,XXXX XXXX 9503,NOT AVAILABLE,"3114375XXXX,IFSC:SBIN0008155",NO
100211189138,CBCBE00563460000010615,Ms. CHULOCHANA MANOKARAN,FEMALE,01-JUN-1975,01-JUN-2019,MANOHARAN,FATHER,MARRIED,9524334960,NOT AVAILABLE,XXXX XXXX 2418,NOT AVAILABLE,"00190367576919XXXX,IFSC:CSBK0000019",NO
101455380943,CBCBE00563460000010611,Mr. BALAKRISHNAN M,MALE,20-MAR-1976,07-MAY-2019,MURUGAIYAN,FATHER,MARRIED,9500856406,NOT AVAILABLE,XXXX XXXX 9221,NOT AVAILABLE,"2046600XXXX,IFSC:SBIN0008155",NO
101380064637,CBCBE00563460000010610,Mrs. PREMA CHANDRAN,FEMALE,25-JUN-1962,01-APR-2019,KADAKAVUDAR,FATHER,MARRIED,9943982485,NOT AVAILABLE,XXXX XXXX 4074,NOT AVAILABLE,"03780713942819XXXX,IFSC:CSBK0000378",NO
101387191268,CBCBE00563460000010589,Mr. SUBASH MOOPPAN,MALE,29-DEC-1977,01-DEC-2018,MOOPAN,FATHER,MARRIED,NOT AVAILABLE,NOT AVAILABLE,XXXX XXXX 9357,NOT AVAILABLE,"03780709007819XXXX,IFSC:CSBK0000378",NO
101357438096,CBCBE00563460000010578,Mrs. RENUKA DEVI RAJAPANDI,FEMALE,20-MAY-1978,01-SEP-2018,RAJAPANDI,HUSBAND,MARRIED,NOT AVAILABLE,NOT AVAILABLE,XXXX XXXX 2203,NOT AVAILABLE,"00190380986719XXXX,IFSC:CSBK0000019",NO
101356641119,CBCBE00563460000010571,Mrs. NALINI THIRUMOORTHI,FEMALE,14-NOV-1974,01-SEP-2018,THIRUMOORTHI,HUSBAND,MARRIED,9655626061,NOT AVAILABLE,XXXX XXXX 4917,NOT AVAILABLE,"03780709006319XXXX,IFSC:CSBK0000378",NO
101287748625,CBCBE00563460000010553,Mrs. SHANTHI,FEMALE,03-APR-1970,24-APR-2018,NAGULAN,HUSBAND,MARRIED,8940396714,NOT AVAILABLE,XXXX XXXX 9903,NOT AVAILABLE,"03780706946519XXXX,IFSC:CSBK0000378",NO
101258738760,CBCBE00563460000010542,Mrs. RAJESHWARI M,FEMALE,27-FEB-1988,01-FEB-2018,MADESH,HUSBAND,MARRIED,9677677076,NOT AVAILABLE,XXXX XXXX 9813,NOT AVAILABLE,"03780395401619XXXX,IFSC:CSBK0000019",NO
101165411503,CBCBE00563460000010531,Mr. MUTHARASU MOTTAIYAN,MALE,13-APR-1968,01-AUG-2017,MOTTAIYAN,FATHER,MARRIED,8940991417,NOT AVAILABLE,XXXX XXXX 4503,NOT AVAILABLE,"03780706756019XXXX,IFSC:CSBK0000378",NO
100210715899,CBCBE00563460000010494,Ms. M.PUSHPALATHA,FEMALE,23-MAY-1973,01-JUL-2017,A.MAHENDRAN,FATHER,MARRIED,9791725055,NOT AVAILABLE,XXXX XXXX 5916,NOT AVAILABLE,"2028455XXXX,IFSC:SBIN0001541",NO
100506119394,CBCBE00563460000000398,Ms. RAMATHAL,FEMALE,04-AUG-1979,02-JAN-2015,SHANMUGASUNDARAM,HUSBAND,NOT AVAILABLE,7639603715,NOT AVAILABLE,XXXX XXXX 0256,NOT AVAILABLE,"3572549XXXX,IFSC:SBIN0008155",NO
100506258669,CBCBE00563460000000395,Ms. SAKUNTHALA,FEMALE,01-JUL-1969,01-JAN-2015,SURESH,HUSBAND,NOT AVAILABLE,9788176861,NOT AVAILABLE,XXXX XXXX 6808,NOT AVAILABLE,"00190367561019XXXX,IFSC:CSBK0000019",NO
100504678229,CBCBE00563460000000357,Ms. A. DEVI,FEMALE,08-JUN-1980,01-SEP-2014,ANANDARAJ,HUSBAND,MARRIED,8098424215,NOT AVAILABLE,XXXX XXXX 9604,XXUPD423XX,"00190367556619XXXX,IFSC:CSBK0000019",NO
100044909859,CBCBE00563460000000320,Mr. R.YOGANATHAN,MALE,01-JUL-1967,02-MAY-2014,RAJAGOPAL,FATHER,NOT AVAILABLE,8098622105,NOT AVAILABLE,XXXX XXXX 9659,NOT AVAILABLE,"3464096XXXX,IFSC:SBIN0008155",NO
100030130195,CBCBE00563460000000312,Ms. THULASIMANI,FEMALE,20-JAN-1969,01-MAR-2014,M.MUTHUSAMY,HUSBAND,NOT AVAILABLE,9677738798,m.priyanka1725@gmail.com,XXXX XXXX 6314,NOT AVAILABLE,"88356XXXX,IFSC:IDIB000P154",NO
100211191886,CBCBE00563460000010493,Ms. M.SUMATHI,FEMALE,15-MAR-1983,20-MAY-2012,D.MANIKANDAN,HUSBAND,MARRIED,9789152340,NOT AVAILABLE,XXXX XXXX 9378,NOT AVAILABLE,"00190370108919XXXX,IFSC:CSBK0000019",NO
100183255341,CBCBE00563460000010492,Mr. K.C.SUBRAMANI,MALE,07-FEB-1965,01-JAN-2012,A.CHINNASAMY,FATHER,MARRIED,9787601745,NOT AVAILABLE,XXXX XXXX 1662,NOT AVAILABLE,"06160100000XXXX,IFSC:IOBA0000616",NO
100263454882,CBCBE00563460000010488,Ms. P.GOMATHI,FEMALE,03-JAN-1980,04-MAY-2011,KANDASAMY,FATHER,MARRIED,9566723575,NOT AVAILABLE,XXXX XXXX 3661,NOT AVAILABLE,"00190367736719XXXX,IFSC:CSBK0000019",NO
100129053786,CBCBE00563460000000180,Ms. D VELUMANI,FEMALE,15-NOV-1982,01-FEB-2011,DEVARAJAN,FATHER,UN-MARRIED,9786323027,NOT AVAILABLE,XXXX XXXX 6407,NOT AVAILABLE,"3474034XXXX,IFSC:SBIN0001541",NO
100398662006,CBCBE00563460000000152,Ms. V POONGODI,FEMALE,11-AUG-1972,16-APR-2010,VEERAPPAN,FATHER,MARRIED,9585236458,NOT AVAILABLE,XXXX XXXX 8489,NOT AVAILABLE,"00190367608719XXXX,IFSC:CSBK0000019",NO
100210061792,CBCBE00563460000000131,Ms. M INDIRANI,FEMALE,05-MAR-1979,01-OCT-2009,K.MANI,FATHER,MARRIED,9003371886,NOT AVAILABLE,XXXX XXXX 4899,NOT AVAILABLE,"00190367736819XXXX,IFSC:CSBK0000019",NO
100324465884,CBCBE00563460000000149,Ms. S PREMA,FEMALE,03-JUL-1971,07-SEP-2009,S.SELVARAJ,FATHER,MARRIED,8428686213,NOT AVAILABLE,XXXX XXXX 4628,NOT AVAILABLE,"00190367651319XXXX,IFSC:CSBK0000019",NO
100148096074,CBCBE00563460000000117,Mr. AAYILYAM G,MALE,10-JUN-1969,01-JAN-2009,K.GOPALSAMY,FATHER,NOT AVAILABLE,9092473447,NOT AVAILABLE,XXXX XXXX 6908,NOT AVAILABLE,"00190367588819XXXX,IFSC:CSBK0000019",NO
100288327649,CBCBE00563460000000118,Mr. R MARUTHASALAM,MALE,04-JUN-1973,01-JAN-2009,RAMASAMY,FATHER,MARRIED,9790131700,NOT AVAILABLE,XXXX XXXX 6935,NOT AVAILABLE,"00190367733619XXXX,IFSC:CSBK0000019",NO
100288086122,CBCBE00563460000000081,Mr. R GUNASEKARAN,MALE,16-NOV-1975,01-APR-2008,C.RAMASAMY,FATHER,NOT AVAILABLE,9894832052,NOT AVAILABLE,XXXX XXXX 1294,NOT AVAILABLE,"00190367594719XXXX,IFSC:CSBK0000019",NO
100288314576,CBCBE00563460000000060,Ms. R MANJULA,FEMALE,10-NOV-1974,22-JUL-2006,R.RAMAMURTHI,FATHER,NOT AVAILABLE,7708925928,NOT AVAILABLE,XXXX XXXX 0001,NOT AVAILABLE,"00190367573119XXXX,IFSC:CSBK0000019",NO
100288807232,CBCBE00563460000000065,Ms. SUGANYA SEETHALAKSHMI RAVICHANDRAN,FEMALE,25-OCT-1965,01-APR-2006,C.B.RAVICHANDRAN,HUSBAND,MARRIED,9842207242,NOT AVAILABLE,XXXX XXXX 2123,XXCPS271XX,"3306284XXXX,IFSC:SBIN0008155",NO
100071066336,CBCBE00563460000000032,Mr. RADHAKRISHNAN,MALE,03-APR-1985,10-AUG-2003,ANDISAMY,FATHER,NOT AVAILABLE,9786477304,NOT AVAILABLE,XXXX XXXX 7091,XXDPR395XX,"00190367741819XXXX,IFSC:CSBK0000019",NO
